因子,含义,平均IC,IC为正比例,有效交易日,模型权重
ret_1,1日动量,0.020812097044183173,0.55,20,0.048218185767144255
ret_3,3日动量,0.0013414124544509117,0.5,20,0.003107830738140475
ret_5,5日动量,-0.038571973065500004,0.4,20,-0.08936488037361828
trend_5_20,均线趋势(MA5/MA20),-0.06509986408116367,0.5,20,-0.15082561517070756
volume_ratio_20,量比(当日/20日),-0.08931945822306056,0.1,20,-0.2069384079882493
amount_ratio_20,成交额比(当日/20日),-0.09155448130507735,0.15,20,-0.2121165867144849
position_20,20日价格位置,-0.07187466843296089,0.5,20,-0.1665217160526856
volatility_10,10日波动率,-0.001184269745513214,0.5,20,-0.002743757078699802
gap,开盘缺口,0.05186517070258605,0.6,20,0.1201630201162698
